{"cameraMode":{"drawMode":0,"name":"Shaded","section":"Shading Mode"},"sceneLighting":false,"audioPlay":false,"sceneViewState":{"showFog":true,"showMaterialUpdate":false,"showSkybox":true,"showFlares":true,"showImageEffects":true,"showParticleSystems":true},"in2DMode":false,"pivot":{"x":-0.00000649951834930107,"y":-0.0000021526211639866234,"z":0.000011451999853306916},"rotation":{"x":0.33033832907676699,"y":0.5296797752380371,"z":-0.23483359813690186,"w":0.7450978755950928},"size":1.8000574111938477,"orthographic":false}